Portfolio,Annualized Volatility
Strategy,0.16810764741330175
SPY,0.19635917652834667
Equal-Weight Sector Portfolio,0.18994787726453574
